{
  "A": {
    "x": [
      320,
      350,
      150,
      150,
      210
    ],
    "y": [
      150,
      230,
      360,
      200,
      100
    ],
    "ctrlX1": [
      300,
      290,
      130,
      50,
      300
    ],
    "ctrlY1": [
      200,
      340,
      260,
      140,
      90
    ],
    "ctrlX2": [
      410,
      170,
      250,
      120,
      340
    ],
    "ctrlY2": [
      120,
      460,
      260,
      110,
      100
    ]
  },
  "B": {
    "x": [
      320,
      350,
      150,
      80,
      330
    ],
    "y": [
      150,
      230,
      320,
      80,
      40
    ],
    "ctrlX1": [
      300,
      290,
      150,
      150,
      350
    ],
    "ctrlY1": [
      200,
      340,
      250,
      10,
      100
    ],
    "ctrlX2": [
      410,
      150,
      10,
      310,
      340
    ],
    "ctrlY2": [
      120,
      390,
      150,
      -20,
      100
    ]
  },
  "C": {
    "x": [
      310,
      340,
      150,
      150,
      210
    ],
    "y": [
      140,
      310,
      360,
      200,
      100
    ],
    "ctrlX1": [
      290,
      240,
      130,
      50,
      300
    ],
    "ctrlY1": [
      190,
      430,
      260,
      140,
      90
    ],
    "ctrlX2": [
      440,
      170,
      250,
      120,
      330
    ],
    "ctrlY2": [
      190,
      460,
      260,
      110,
      90
    ]
  },
  "D": {
    "x": [
      310,
      340,
      150,
      80,
      330
    ],
    "y": [
      140,
      310,
      320,
      80,
      40
    ],
    "ctrlX1": [
      290,
      240,
      150,
      150,
      350
    ],
    "ctrlY1": [
      190,
      430,
      250,
      10,
      100
    ],
    "ctrlX2": [
      440,
      150,
      10,
      310,
      330
    ],
    "ctrlY2": [
      190,
      390,
      150,
      -20,
      90
    ]
  },
  "M": {
    "x": [
      314.51666666666665,
      344.51666666666665,
      150,
      144.4875,
      219.45
    ],
    "y": [
      144.51666666666668,
      273.8666666666667,
      356.85,
      190.55,
      95.275
    ],
    "ctrlX1": [
      294.51666666666665,
      262.5833333333333,
      131.575,
      57.875,
      303.9375
    ],
    "ctrlY1": [
      194.51666666666668,
      389.35,
      259.2125,
      129.7625,
      90.7875
    ],
    "ctrlX2": [
      426.45,
      168.425,
      231.10000000000002,
      134.96249999999998,
      334.51666666666665
    ],
    "ctrlY2": [
      158.38333333333333,
      454.48750000000007,
      251.33750000000003,
      99.76250000000002,
      94.51666666666668
    ]
  }
}